insert into resource_type (id, name)
values (1, 'Российские данные'),
       (2, 'Зарубежные данные'),
       (3, 'Спутниковые данные');

insert into language (id, name)
values (1, 'Английский'),
       (2, 'Греческий'),
       (3, 'Испанский'),
       (4, 'Китайский'),
       (5, 'Немецкий'),
       (6, 'Русский'),
       (7, 'Французский'),
       (8, 'Чешский'),
       (9, 'Японский');

insert into project_type (id, name)
values (1, 'Проект'),
       (2, 'Программа'),
       (3, 'Не определено');

insert into related_project (id, id_project_type, abbreviation, abbreviation_rus, name, name_rus)
values (1, 2, 'ПФМ', 'ПФМ', 'Программа фонового мониторинга', 'Программа фонового мониторинга'),
       (2, 2, 'IODE', 'МООД', 'International Oceanographic Data Exchange',
        'Международный Обмен Океанографическими Данными'),
       (3, 2, 'GLOSS', 'ГСНУМ', 'Global Sea Level Observing System', 'Глобальная система наблюдений за уровнем моря'),
       (4, 2, 'GOOS', 'ГСНО', 'Global Ocean Observing System', 'Глобальная система наблюдений за океаном'),
       (5, 1, 'GTSPP', 'ГППТС', 'Global Temperature-Salinity Pilot Project',
        'Глобальный пилотный проект по температуре-солености'),
       (6, 2, 'IGBP', 'МГБП', 'International Geosphere-Biosphere Program',
        'Международная программа по геосфере-биосфере'),
       (7, 2, 'IGOSS', 'ОГСОС', 'Integrated Global Ocean Services System',
        'Объединенная глобальная система океанических служб'),
       (8, 1, 'ISLPP', 'ППУМТО', 'IGOSS Sea Level Pilot Project in the Pacific',
        'ОГСОС пилотный проект по уровню моря в Тихом океане'),
       (9, 2, 'MARPOLMON', 'МАРПОЛМОН', 'Marine Pollution Monitoring Programme',
        'Программа мониторинга морских загрязнений'),
       (10, 2, 'ROSCOPs', 'РОСКОП', 'Report of Observations/Samples Collected by Oceanographic Programmes',
        'Отчет о наблюдениях/пробах собранных по океанографическим программам'),
       (11, 2, 'TOGA', 'ТОГА', 'Tropical Ocean - Global Atmosphere', 'Тропический океан - Глобальная атмосфера'),
       (12, 2, 'WOCE', 'ВОСЕ', 'World Ocean Circulation Experiment', 'Эксперимент по циркуляции мирового океана'),
       (13, 2, 'IOCINDIO', 'МОКИНДИО', 'Regional Committee/Programme for the Central Indian Ocean',
        'Региональный Комитет/Программа по Центральной Части Индийского Океана'),
       (14, 2, 'IOCARIBE', 'МОККАРИБЕ', 'Sub-Commission/Programme for the Caribbean and Adjacent Regions',
        'Подкомиссия/Программа МОК по Карибскому и прилегающим регионам'),
       (15, 2, 'IOCSOC', 'МОКСОК', 'Regional Committee/Programme for the Southern Ocean',
        'Региональный Комитет/Программа по Южному Океану'),
       (16, 2, 'WESTPAC', 'ВЕСТПАК', 'Regional Committee/Programme for the Western Pacific',
        'Региональный Комитет/Программа по Западу Тихого Океана'),
       (17, 2, 'IOCINCWIO', 'МОКИНКВИО',
        'Regional Committee/Programme for the Co-operative Investigation in the North and Central Western Indian Ocean',
        'Региональный Комитет/Программа по Совместным Исследованиям Севера и Запада Центральной Части Индийского Океана'),
       (18, 2, 'IOCEA', 'МОКВА', 'Regional Committee/Programme for the Central Eastern Atlantic',
        'Регионалный Комитет/Программа по Восточной Части Центральной Атлантики'),
       (19, 2, 'IOCBS', 'МОКЧМ', 'Regional Committee for the Black Sea', 'Региональный Комитет по Черному Морю'),
       (20, 2, 'WCRP', 'ВПИК', 'World Climate Research Programme', 'Всемирная Программа Исследований Климата'),
       (21, 2, 'GODAE', 'ГОДАЕ', 'Global Ocean Data Assimilation Experiment',
        'Глобальный Эксперимент по Усвоению Океанографических Данных'),
       (22, 2, 'JGOFS', 'ОИГОТ', 'Joint Global Ocean Flux Stady (IGBP)',
        'Объединенные Исследования Глобальных Океанических Течений (МПГБ)'),
       (23, 2, 'CLIVAR', 'КЛИВАР', 'Climate Variability and Predictability Study',
        'Изучение Климатической Изменчивости и Предсказуемости'),
       (24, 2, 'ELNino', 'Эль-Ниньо', 'EL Nino Research Programme', 'Программа исследований Эль-Ниньо'),
       (25, 2, 'OSLR', 'ОСЛР', 'Ocean Sciences in Relation to Living Resources',
        'Науки об Океане в Связи с Живыми Ресурсами'),
       (26, 2, 'HAB', 'ХАБ', 'Harmful Algal Blooms Programme',
        'Программа по Изучению Вредоносных Светящихся Водорослей'),
       (27, 2, 'GCRMN', 'ГСМКР', 'Global Coral Reef Monitoring Network',
        'Глобальная Сеть Мониторинга Коралловых Рифов'),
       (28, 2, 'GLOBEC', 'ГЛОБЕК', 'Global Ocean Ecosystem Dinamics Programme',
        'Программа по Динамике Глобальной Экосистемы Океана'),
       (29, 2, 'LME', 'КМЭ', 'Large Marine Ecosystems', 'Крупномасштабные Морские Экосистемы'),
       (30, 2, 'SICAM', 'СИКАМ', 'Science for Integrated Coastal Area Management',
        'Научные Исследования по Интегрированному Управлению Прибрежной Зоной'),
       (31, 2, 'ICAM', 'ИКАМ', 'Integrated Coastal Area Management', 'Интегрированное Управление Прибрежной Зоной'),
       (32, 2, 'GIPME', 'ГИПМЕ', 'Global Investigation of the Pollution in the Marine Environment',
        'Глобальные Исследования Загрязнений Морской Среды'),
       (33, 2, 'COASTS', 'БЕРЕГ', 'Programme on Coastal Ocean Advanced Science and Technology Study',
        'Программа содействия Научному и Технологичекому Изучению Прибрежной Зоны'),
       (34, 2, 'OSNLR', 'ОСНЛР', 'Ocean Sciences in Relation to Non-Living Resources',
        'Науки об Океане в Связи с Неживыми Ресурсами'),
       (35, 2, 'UNCLS', 'ООНКМЗ', 'United Nations Convention on the Law of the Sea',
        'Конвенция ООН по Морскому Законодательству'),
       (36, 2, 'IGOS', 'ОСГН', 'Integrated Global Observin Strategy', 'Объединенная Стратегия Глобальных Наблюдений'),
       (37, 2, 'GCOS', 'ГСНК', 'Global Climate Observing System', 'Глобалная Система Наблдений за Климатом'),
       (38, 2, 'ARGO', 'АРГО', 'Array for Real-time Geostrophic Oceanography (CLIVAR-GODAE)',
        'Массив для Геострофической Океанографии Реального Времени (КЛИВАР-ГОДАЕ)'),
       (39, 2, 'SOOP', 'ППС', 'Ship-of-Opportunity Programme', 'Программа по Попутным Судам'),
       (40, 2, 'TAO', '', 'ТАО Tropical Atmosphere Ocean Array', 'Массив по Тропической Атмосфере и Океану'),
       (41, 2, 'RS', 'ДЗ', 'Remote Sensing', 'Программа Дистанционного Зондирования'),
       (42, 2, 'GODAR', 'ГОДАР', 'Global Ocean Data Archaeology and Rescue',
        'Программа Спасения Данных по Мировому Океану'),
       (43, 2, 'MIM', 'УМИ', 'Marine Information Management', 'Управление Морской Информацией'),
       (44, 2, 'GLODIR', 'ГЛОДИР', 'Global Directory of Marine (and Freshwater) Professionals',
        'Глобальный Каталог Специалистов по Мореведению (и Пресным Водам)'),
       (45, 2, 'RECOSCIX', 'РКОНИ', 'Regional Co-operation in Scientific Information Exchange',
        'Региональная Кооперация по Обмену Научной Информацией'),
       (46, 2, 'ODINEA', 'ВАСОДИ', 'Oceanographic Data and Information Network for Eastern Africa',
        'Восточно-Африканская Сеть Океанографических Данных и Информации'),
       (47, 2, 'OPC', 'ОПК', 'Ocean Processes and Climate', 'Процессы в Океане и Климат'),
       (48, 2, 'OM', 'КО', 'Ocean Mapping', 'Картирование Океана'),
       (49, 2, 'GEBCO', 'ГЕБКО', 'General Bathymetric Chart of the Ocean', 'Основные Батиметрические Карты Океанов'),
       (50, 2, 'GAPA', 'ГАТА', 'Geological/Geophysical Atlases of the Pacific and Atlantic Oceans',
        'Геолого-Геофизический Атлас Тихого и Атлантического Океанов'),
       (51, 2, 'CCAP', 'ПАБИ', 'Coastal Change Analysis Programme', 'Программа Анализа Береговых Изменений'),
       (52, 2, 'TEMA', '', 'ТЕМА Training Education and Mutual Assistance',
        'Содействие в Обучении и Подготовке Кадров'),
       (53, 2, 'Caspian Sea ', 'Каспийское Море', 'Caspian Sea Programme', 'Программа по Каспийскому Морю'),
       (54, 2, 'Red Sea', 'Красное Море', 'Read Sea Programme', 'Программа по Красному Морю'),
       (55, 2, 'Persian Gulf', 'Персидский Залив', 'Persian Gulf Programme', 'Программа по Персидскому Заливу'),
       (56, 2, 'Gulf of Aden', 'Залив Адена', 'Gulf of Aden Programme', 'Программа по Заливу Адена'),
       (57, 2, 'Mediterranean', 'Средиземноморье', 'Mediterranean Programme',
        'Программа по Средиземному и Прилегающим Морям'),
       (58, 2, 'Black Sea', 'Черное Море', 'Black Sea Programme', 'Программа по Черному Морю'),
       (59, 2, 'ClM', 'КлМ', 'The Climate Module', 'Климатический Модуль'),
       (60, 2, 'HOTOM', 'ХОТОМ', 'The Health of the Oceans Module', 'Модуль Здоровье Океана'),
       (61, 2, 'LMRM', 'ЛМРМ', 'The Living Marine Resources Module', 'Модуль Живые Морские Ресурсы'),
       (62, 2, 'CoM', 'ПМ', 'The Coastal Module', 'Прибрежный Модуль'),
       (63, 2, 'SM', 'СМ', 'The Services Module', 'Модуль Служб'),
       (64, 2, 'AOCP', '', 'Arctic Ocean Circulation Programme', ''),
       (65, 2, 'AOVP', '', 'Arctic Ocean Variability Project', ''),
       (66, 1, 'HAOCDP', '', 'Historical Arctic Ocean Climate Database Project', ''),
       (67, 2, 'ASIP', '', 'Arctic Sea Ice Programme', 'Программа по Арктическому Морскому Льду'),
       (68, 2, 'IPAB', '', 'International Program for Antarctic Buoys (WCRP)',
        'Международная Программа по Антарктическим Буям'),
       (69, 2, 'IABP', '', 'Intenational Arctic Buoy Program (WCRP)',
        'Международная Программа по Арктическим Буям (ВПИК)'),
       (70, 2, 'AnSITP', '', 'Antarctic Sea Ice Thickness Programme (WCRP)', ''),
       (71, 2, 'AITP', '', 'Arctic Ice Thicknes Project (WCRP)', ''),
       (72, 2, 'SPCP', '', 'Solid Precipitation Climatology Project (WMO/CIMO, ACSYS)', ''),
       (73, 2, 'AMP', '', 'ACSYS Modelling Programme', ''),
       (74, 1, 'IACPO', '', 'International ACSYS/CLIC Project Office (Tromso, Norway)',
        'Международная Организация по Пректу АКСИС/КЛИК'),
       (75, 2, 'PIRATA', 'ПИРАТА', 'Pilot Research Moored Array in the Tropical Atlantic',
        'Массив Данных Заякоренных Буев по Тропической Атлантике (Пилотный Проект)'),
       (76, 1, 'DSDP', 'ГПБ', 'Deep Sea Drilling Project', 'Глубоководный Проект Бурения'),
       (77, 2, 'CEOS', '', 'CEOS Climate fnd Eastern Ocean Systems Climate fnd Eastern Ocean Systems', ''),
       (78, 3, 'AOHS', '', 'Arctic Ocean Hidrographic Survey', ''),
       (79, 3, 'AOSS', '', 'Arctic Ocean Shelf Studies', ''),
       (80, 3, 'APDA', '', 'Arctic Precipitation Data Archive', ''),
       (81, 3, 'GRDC', 'ГЦДО', 'Global Run-off Data Centre (Koblenz, Germany)', 'Глобальный Центр Данных по Осадкам'),
       (82, 3, 'GEWEX', 'ГЕВЕКС', 'Global Energy and Water Cycle Experiment (WCRP)',
        'Глобальный Эксперимент по Энергетике и Водному Циклу (ВПИК)'),
       (83, 3, 'GGI-90', '', 'Russian Model', ''),
       (84, 3, 'CLIC', 'КЛИК', 'Climate and Cryosphere (WCRP)', 'Климат и Криосфера (ВПИК)'),
       (85, 3, 'ADIS', 'АДИС', 'ACSYS Data and Information Service', 'Служба Данных и Информации АКСИС'),
       (86, 3, 'G3OS', '', 'GCOS, GOOS, GTOS', ''),
       (87, 3, 'CIMO', 'КИМН', 'Comission for Instruments and Methods of observation (WMO)',
        'Комиссия по Инструментам и Методам Наблюдений'),
       (88, 3, 'SPARC', 'СПАРК', 'Stratospheric Processes and their Role in Climate (CLIVAR)',
        'Стратосферные Процессы и их Роль в Климате'),
       (89, 3, 'WGCM', '', 'Working Group on Coupled Modelling', 'Рабочая группа совместного моделирования'),
       (90, 3, 'SSG', '', 'Scientific Steering Group (ACSYS)', 'Группа Научного Руководства АКСИСИ'),
       (91, 3, 'CLIC TG', '', 'Climate and Criosphere Task Group', 'Целевая Группа по Климату и Криосфере'),
       (92, 3, 'NEG', '', 'Numerical Experimentation Group', 'Группа по Численным Экспериментам'),
       (93, 3, 'PPPR', '', 'Ad-hoc Panel on Polar Products from Reanalysis', ''),
       (94, 1, 'HPDRP', '', 'Historical Perspective and  Data Resurce Project', ''),
       (95, 2, 'GCRP', 'ПГИ', 'Global Change Reseach Program', 'Программа Глобального Изменения'),
       (96, 2, 'PP', 'ПП', 'NOAA/NASA Pathfinder Program', 'NOAA/NASA Программа Исследования'),
       (97, 2, 'NOAA CGCP', '', 'NOAA Climate and Global Change Program',
        'Национальная администрация по океану и атмосфере и Глобальная Программа Изменения Климата'),
       (98, 2, 'ODP', 'ОПБ', 'Ocean Drilling Program', 'Океанская Программа Бурения'),
       (99, 2, 'RP', '', 'Reanalis Project NCEP/NCAR', ''),
       (100, 2, 'ESDIMP', '', 'Enviromental Servises Data and Information Management Program', ''),
       (101, 2, 'DMSP', '', 'DMSP Defense Meteorological Satellite Program', ''),
       (102, 2, 'GAW', '', 'Global Atmosphere Watch Program', 'Программа Глобального Наблюдения Атмосферы'),
       (103, 2, 'SSP', '', 'SSP Space Science Program', ''),
       (104, 2, 'EPA GCRP', '', 'EPA Global Climate Reseach Program', ''),
       (105, 2, 'MERB', '', 'Meteor Earth Radiation Budget', ''),
       (106, 1, 'БПУ', 'БПУ', 'Балтийский Плавучий Университет', 'Балтийский Плавучий Университет'),
       (107, 2, 'ПМОН', 'ПМОН', 'Программа по метеорологическому обслуживанию населения',
        'Программа по метеорологическому обслуживанию населения'),
       (108, 2, 'ПМСМВ', 'ПМСМВ', 'Программа мониторинга состояния морских вод',
        'Программа мониторинга состояния морских вод'),
       (109, 2, 'ГГС', 'ГГС',
        'Изучение современного состояния гидрологического и гидрохимического режимов морей России',
        'Изучение современного состояния гидрологического и гидрохимического режимов морей России'),
       (110, 2, 'ИПМО', 'ИПМО', 'Исследование природы Мирового океана', 'Исследование природы Мирового океана'),
       (111, 2, 'ОГМС', 'ОГМС',
        'Определение современного состояния  и изменчивости гидрометеорологического  режима дальневосточных морей России',
        'Определение современного состояния  и изменчивости гидрометеорологического  режима дальневосточных морей России'),
       (112, 2, 'ОГСН', 'ОГСН', 'Проект ОГСН', 'Проект ОГСН'),
       (113, 2, 'ПР РАН', 'ПР РАН', 'Программа Президиума РАН', 'Программа Президиума РАН'),
       (114, 2, 'MAST', '', 'Marine Science and Technology Programme', 'Морская научно-техническая программа'),
       (115, 2, 'IPO', '', 'International Programme Office', ''),
       (116, 2, 'JRA-25', '', 'Japanese 25 year-Reanalysis', ''),
       (117, 2, 'ESA MEP', '', 'ESA Meteosat Exploitation Project', 'Проект ESA эксплуатации спутника Meteosat'),
       (118, 2, 'ISP', '', 'Interdisciplinary scientific project', 'Междисциплинарный научный проект'),
       (119, 2, 'HELCOM/MONAS', '', 'HELCOM/MONAS Combine programme (Combine1)', 'Программа Combine1'),
       (120, 2, 'PSMSL', 'ПССУМ', 'The Permanent Service for Mean Sea Level', 'Постоянная служба среднего уровня моря');

insert into observation_method (id, name)
values (1, 'Замеры'),
       (2, 'Наблюдение');

insert into country (id, name)
values (1, 'Россия'),
       (2, 'Австралия'),
       (3, 'Вануату, Республика'),
       (4, 'Кирибати'),
       (5, 'Науру'),
       (6, 'Новая Зеландия'),
       (7, 'Папуа-Новая Гвинея'),
       (8, 'Самоа'),
       (9, 'Соломоновы Острова'),
       (10, 'Тонга'),
       (11, 'Тувалу'),
       (12, 'Фиджи'),
       (13, 'Французская Полинезия'),
       (14, 'Аомынь (Макао)'),
       (15, 'Афганистан'),
       (16, 'Бангладеш'),
       (17, 'Бахрейн'),
       (18, 'Бирма'),
       (19, 'Бруней'),
       (20, 'Вьетнам'),
       (21, 'Гонконг (Сянган))'),
       (22, 'Израиль'),
       (23, 'Индия'),
       (24, 'Индонезия'),
       (25, 'Иордания'),
       (26, 'Ирак'),
       (27, 'Иран'),
       (28, 'Йемен, Народная Демократическая Республика'),
       (29, 'Йеменская Арабская Республика'),
       (30, 'Казахстан'),
       (31, 'Кампучия'),
       (32, 'Катар'),
       (33, 'Кипр'),
       (34, 'Киргизия'),
       (35, 'Китай'),
       (36, 'Корейская Народно-Демократическая Республика'),
       (37, 'Корея, Южная'),
       (38, 'Кувейт'),
       (39, 'Лаос'),
       (40, 'Ливан'),
       (41, 'Малайзия'),
       (42, 'Мальдивская Республика'),
       (43, 'Монголия'),
       (44, 'Непал'),
       (45, 'Объединенные Арабские Эмираты'),
       (46, 'Оман'),
       (47, 'Пакистан'),
       (48, 'Саудовская Аравия'),
       (49, 'Сингапур'),
       (50, 'Сирия'),
       (51, 'Таджикистан'),
       (52, 'Тайланд'),
       (53, 'Туркменистан'),
       (54, 'Турция'),
       (55, 'Узбекистан'),
       (56, 'Филипины'),
       (57, 'Шри-Ланка'),
       (58, 'Япония'),
       (59, 'Алжир'),
       (60, 'Ангола'),
       (61, 'Арабская Республика Египет'),
       (62, 'Бенин (Дагомея))'),
       (63, 'Берег Слоновой Кости (Кабо-Верде))'),
       (64, 'Ботсвана'),
       (65, 'Буркина-Фасо'),
       (66, 'Бурунди'),
       (67, 'Габон'),
       (68, 'Гамбия'),
       (69, 'Гана'),
       (70, 'Гвинея'),
       (71, 'Гвинея, Экваториальн.'),
       (72, 'Гвинея-Бисау'),
       (73, 'Джибути'),
       (74, 'Заир'),
       (75, 'Замбия'),
       (76, 'Западная Сахара'),
       (77, 'Зимбабве'),
       (78, 'Камерун'),
       (79, 'Кения'),
       (80, 'Коморские Острова'),
       (81, 'Конго'),
       (82, 'Лесото'),
       (83, 'Либерия'),
       (84, 'Ливия'),
       (85, 'Маврикий'),
       (86, 'Мавритания'),
       (87, 'Мадагаскар'),
       (88, 'Малави'),
       (89, 'Мали'),
       (90, 'Марокко'),
       (91, 'Мозамбик'),
       (92, 'Намибия'),
       (93, 'Нигер'),
       (94, 'Нигерия'),
       (95, 'Острова Зеленого Мыса (Кот-Дивуар))'),
       (96, 'Руанда'),
       (97, 'Сан-Томе И Принсипи'),
       (98, 'Свазиленд'),
       (99, 'Сейшельские Острова'),
       (100, 'Сенегал'),
       (101, 'Сомали'),
       (102, 'Судан'),
       (103, 'Сьерра-Леоне'),
       (104, 'Танзания'),
       (105, 'Того'),
       (106, 'Тунис'),
       (107, 'Уганда'),
       (108, 'Центральноафриканская Республика'),
       (109, 'Чад'),
       (110, 'Эфиопия'),
       (111, 'Южно-Африканская Республика'),
       (112, 'Австрия'),
       (113, 'Азербайджан'),
       (114, 'Албания'),
       (115, 'Армения'),
       (116, 'Беларусь'),
       (117, 'Бельгия'),
       (118, 'Болгария'),
       (119, 'Великобритания'),
       (120, 'Венгрия'),
       (121, 'Германия'),
       (122, 'Гибралтар'),
       (123, 'Гренландия (принадлежит Дании))'),
       (124, 'Греция'),
       (125, 'Грузия'),
       (126, 'Дания'),
       (127, 'Ирландия'),
       (128, 'Исландия'),
       (129, 'Испания'),
       (130, 'Италия'),
       (131, 'Латвия'),
       (132, 'Литва'),
       (133, 'Лихтенштейн'),
       (134, 'Люксембург'),
       (135, 'Мальта'),
       (136, 'Молдова'),
       (137, 'Нидерланды'),
       (138, 'Норвегия'),
       (139, 'Польша'),
       (140, 'Португалия'),
       (141, 'Румыния'),
       (142, 'Словакия'),
       (143, 'Украина'),
       (144, 'Финляндия'),
       (145, 'Франция'),
       (146, 'Чехия'),
       (147, 'Швейцария'),
       (148, 'Швеция'),
       (149, 'Эстония'),
       (150, 'Югославия'),
       (151, 'Антигуа И Барбуда'),
       (152, 'Багамские Острова'),
       (153, 'Барбадос'),
       (154, 'Белиз'),
       (155, 'Гаити'),
       (156, 'Гватемала'),
       (157, 'Гондурас'),
       (158, 'Гренада'),
       (159, 'Доминика'),
       (160, 'Доминиканская Республика'),
       (161, 'Канада'),
       (162, 'Коста-Рика'),
       (163, 'Куба'),
       (164, 'Мексика'),
       (165, 'Никарагуа'),
       (166, 'Панама'),
       (167, 'Сальвадор'),
       (168, 'Сент-Винсент'),
       (169, 'Сент-Кристофер и Невис'),
       (170, 'Сент-Люсия'),
       (171, 'Соединенные Штаты Америки'),
       (172, 'Тринидад И Тобаго'),
       (173, 'Ямайка'),
       (174, 'Аргентина'),
       (175, 'Боливия'),
       (176, 'Бразилия'),
       (177, 'Венесуэла'),
       (178, 'Гайна'),
       (179, 'Гвиана, Французская'),
       (180, 'Колумбия'),
       (181, 'Парагвай'),
       (182, 'Перу'),
       (183, 'Суринам'),
       (184, 'Уругвай'),
       (185, 'Чили'),
       (186, 'Эквадор'),
       (187, 'Международная организация');

insert into organization (id, abbreviation, name, name_rus, id_country)
values (1, 'Моск.ГМБ', 'АНО "Московское ГМБ"', 'АНО "Московское ГМБ"', 1),
       (2, 'AARI', 'Arctic and Antarctic Institute of the Russian Federation', 'Институт Арктики и Антарктики', 1),
       (3, 'AFCCC', 'Air Force Combat Climatology Center', 'Климатологический Цнтр Военно-Воздушных Сил', NULL),
       (4, 'AODC', 'Australian Oceanographic Data Centre', 'Центр Океанографических Данных Австралии', NULL),
       (5, 'AOML', 'Atlantic Oceanographic and Meteorological Laboratory',
        'Океанографическая и Метеорлогическая лаборатория в Атлантике', NULL),
       (6, 'AORI', 'Atmosphere and Ocean Research Institute of the University of Tokyo',
        'Институт исследования атмосферы и океана', NULL),
       (7, 'AWI', 'Alfred Wegener Institute for Polar and Marine Research',
        'Институт Полярного и морского исследования', NULL),
       (8, 'BLW', 'Bayerisches Landesamt für Wasserwirtschaft', 'Баварское Бюро Водных Ресурсов', NULL),
       (9, 'BODC', 'British Oceanographic Data Centre', 'Британский Океанографический Центр Данных', NULL),
       (10, 'CAEM_J', 'Center for Antarctic Environment Monitoring', 'Центр Мониторинга Окружающей среды Антарктики',
        NULL),
       (11, 'CDC', 'Climatic Data Centre', 'Климатический Центр Данных Китая', NULL),
       (12, 'CDIAC', 'Carbon Dioxide Information Analysis Center',
        'Информационный Аналитический Центр Углекислого Газа', NULL),
       (13, 'CHI', 'Czech Hydrometeorological Institute', 'Чешский Гидрометеорологический Институт', NULL),
       (14, 'CIOS', 'Canada Institute for Ocean Science', 'Канадский Институт Изучения Океана', NULL),
       (15, 'CMA', 'China Meteorological Administration', 'Метеорологическая Администрация Китая', NULL),
       (16, 'CNES', 'Centre national d`etudes spatiales', 'Французское Космическое Агенство (Тулуза)', NULL),
       (17, 'CSA', 'Canadian Space Agency', 'Канадское  Космическое  Агенство', NULL),
       (18, 'DAS', 'Department of Atmospheric Sciences', 'Отдел Атмосферы', NULL),
       (19, 'DWD', 'Deutscher Wetterdienst', 'Немецкая Служба Погоды', NULL),
       (20, 'EC', 'European Commission', 'Европейская Комиссия', NULL),
       (21, 'ECM-RWF', 'European Cenre for Medium-Range Weather Forecasts', 'Европейский Центр Прогноза Погоды', NULL),
       (22, 'EO', 'Observatori de L`EBRE', 'Обсерватория EBRE', NULL),
       (23, 'ESA', 'European Space Agency', 'Европейское космическое агенство', NULL),
       (24, 'ESDIM', 'Earth Science Data and Information Management',
        'Научные Данные Земли и Информационного Исследования', NULL),
       (25, 'ETI', 'Expert Center for Taxonomic Identification', 'Экспертный Центр Таксономической Идентификации',
        NULL),
       (26, 'FE', 'Finnish Embassy in Moscow', 'Посольство Финляндии в Москве', NULL),
       (27, 'FEI', 'Finnish Environment Institute SYKE', 'Институт окружающей среды Финляндии', NULL),
       (28, 'GISS', 'Goddard Institute for Space Studies', 'Институт Космических Изучений', NULL),
       (29, 'GMES', 'German Ministry of Education and Science', 'Министерство образования и науки Германии', 121),
       (30, 'GSJ', 'Geological Survey of Japan', 'Геологическое управление Японии', NULL),
       (31, 'HD_J', 'Hydrographic Department, Japan', 'Гидрографический Департамент', NULL),
       (32, 'HKO', 'Hong Kong Observatory', 'Обсерватория в Гонк-Конге', NULL),
       (33, 'HMO_J', 'Hakodate Marine Observatory, Japan', 'Морская Обсерватория Хакодатэ', NULL),
       (34, 'HU', 'Hokkaido University, Japan', 'Университет Хоккайдо', NULL),
       (35, 'IACS', 'Institute for Atmospherik and Climate Science', 'Институт Изучения Атмосферы и Климата', NULL),
       (36, 'ICES', 'International Council for the Exploration of the Sea', 'Международный Совет по исследованию моря',
        NULL),
       (37, 'IERSD', 'Institute of  Environmental Research and Sustainable Development',
        'Институт Изучения Окружающей Среды', NULL),
       (38, 'ILTS', 'Institute of Low Temperature Science, Hokkaido University', 'Институт изучения низких температур',
        NULL),
       (39, 'IMUB', 'Institut fur Meteorologie der Universitat Berlin',
        'Институт метеорологии Берлинского университета', NULL),
       (40, 'IOC UNESKO', 'Intergovernmental Oceanographic Commission UNESKO',
        'Межправительственная Океанографическая Комиссия (ЮНЕСКО)', NULL),
       (41, 'IODC/NIO', 'Indian Oceanographic Data Centre/National Institute of Oceanography',
        'Индийский Океаонграфический Центр Данных/Национальный Институт Океанографии', NULL),
       (42, 'IRA', 'Inernational Permafrost Association', 'Международная Ассоциация Вечной Мерзлоты', NULL),
       (43, 'IRMB', 'Institut Royal Meteorologique de Belgique', 'Королевский Метеорологический Институт Бельгии',
        NULL),
       (44, 'JMA', 'Japan Meteorological Agency', 'Метеорологическое Агенство Японии', NULL),
       (45, 'JODC', 'Japan Oceanographic Data Center', 'Центр океанографических данных Японии', NULL),
       (46, 'JOI', 'Joint Oceanographic Institutions', 'Совместный Океанографический Институт', NULL),
       (47, 'JPL', 'Jet Propulsion Laboratory', 'Лаборатории Реактивного Движения', NULL),
       (48, 'KMO_J', 'Kobe Marine Observatory, Japan', 'Морская Обсерватория Кобе', NULL),
       (49, 'LPI', 'Lunar and Planetary Institute', 'Лунарный и Планетарный Институт', NULL),
       (50, 'MBM', 'Melbourne by the Bureau of Meteorology', 'Метеорологическое Бюро Мельбурна', NULL),
       (51, 'MFARF', 'Ministry of Foreign Affairs of the Russian Federation', 'Министерство иностранных дел РФ', NULL),
       (52, 'MFRDC', 'Marine Fisheries Research and Development Center',
        'Морской Центр Научных Исследований и Разработка Рыболовства', NULL),
       (53, 'MIT', 'Massachusetts Institute of Technology', 'Институт технологий в Массачусетс', NULL),
       (54, 'MMD', 'Malaysian Meteorological Department', 'Метеорологический Департамент Малазии', NULL),
       (55, 'MMO_J', 'Maizuru Marine Observatory, Japan', 'Морская Обсерватория Майзуру', NULL),
       (56, 'MMS', 'Malaysian Meteorological Service', 'Метеорологическая Служба Малазии', NULL),
       (57, 'MRI', 'Meteorological Research Institute', 'Институт Метеорологических Исследований', NULL),
       (58, 'MSA_J', 'Maritime Safety Agency, Japan', 'Агенство морской безопасности', NULL),
       (59, 'MSC', 'Meteorological Service of Canada', 'Метеорологическое Обслуживание Канады', NULL),
       (60, 'MSC_J', 'Meteorological Satellite Center, Japan', 'Международный Спутниковый Центр', NULL),
       (61, 'NASA', 'National Aeronautics and Space Administration',
        'Национальная Администрация по Аэронавтике и Космическому Пространству', NULL),
       (62, 'NCAR', 'National Center for Atmospheric Research', 'Национальный Центр Атмосферных Исследований', NULL),
       (63, 'NCDC', 'National Climatic Data Center', 'Национальный Климатический Центр Данных', NULL),
       (64, 'NCEP', 'National Centers for Environmental Prediction',
        'Национальный Центр по Прогнозированию Окружающей Среды', NULL),
       (65, 'NERC', 'Natural Environment Research Council',
        'Научно-исследовательский Совет Естественной Окружающей Среды', NULL),
       (66, 'NESDIS', 'National Environmental Satellite, Data, and Information Service',
        'Национальная Служба по Информации, Данным и Спутникам для Исследований Окружающей Среды', NULL),
       (67, 'NFU', 'National Fisheries University', 'Национальный Университет Рыболовства', NULL),
       (68, 'NGDC', 'National Geophysical Data Centre', 'Национальный Геофизический Центр Данных', NULL),
       (69, 'NIPR_J', 'National Institute of Polar Research, Japan', 'Национальный Институт Полярных Исследований',
        NULL),
       (70, 'NMIC', 'National Meteorological Information Center, China',
        'Национальный Метеорологический Информационный Центр', NULL),
       (71, 'NMOC', 'Naval Meteorology and Oceanography Command',
        'Военно-Морские силы, Управления Метеорологии и Океанографии', NULL),
       (72, 'NMO_J', 'Nagasaki Marine Observatory, Japan', 'Морская Обсерватория Нагасаки', NULL),
       (73, 'NOA', 'National Observatory of Athens', 'Национальная Обсерватория Афин', NULL),
       (74, 'NOAA', 'National Oceanic and Atmospheric Administration',
        'Национальное Управление по Исследованию Океана и Атмосферы', NULL),
       (75, 'NODC', 'National Oceanographic Data Centre', 'Национальный Океанографический Центр Данных', NULL),
       (76, 'NOHRSC', 'National Operational Hydrologic Remote Sensing Center',
        'Национальный Действующий Гидрологический Дистанционный Центр Считывания', NULL),
       (77, 'NOO', 'National Oceanographic Office', 'Национальный Океанографический Центр', NULL),
       (78, 'NRIFS', 'National Research Institute of Fisheries Science',
        'Национальный Научно-Исследовательский Институт Рыбного Хозяйства', NULL),
       (79, 'NRIFSF', 'National Research Institute of Far Seas Fisheries',
        'Национальное Научно-Исследовательский Институт Дальневосточного Рыболовства', NULL),
       (80, 'NSIDC', 'National Snow and Ice Data Center', 'Национальный Центр Исследования Снега и ', NULL),
       (81, 'OCL', 'Ocean Climate Laboratory', 'Океанская Лаборатория Климата', NULL),
       (82, 'OHNWS', 'Office of Hydrology of the National Weather Service, NOAA',
        'Офис Гидрологии Национальной Погодной Службы', NULL),
       (83, 'PODAAC', 'Physical Oceanography Distributed Active Archive Center',
        'Центр Распределенных Активных Архивов по Физической Океанографии', NULL),
       (84, 'PSC', 'Polar Science Center', 'Полярный Научный Центр', NULL),
       (85, 'RA of S', 'Russian Academia of Sciences', 'Российская Академия Наук', NULL),
       (86, 'RFASI', 'Russian Federal agency for Science and Innovations',
        'Российское Федеральное Агенство по науке и инновациям', NULL),
       (87, 'RIHMI-WDC', 'ВНИИГМИ-МЦД', 'ВНИИГМИ-МЦД', NULL),
       (88, 'RNODC', 'Russian National Oceanographic Data Centre', 'Российский Национальный Океанографический Институт',
        NULL),
       (89, 'SCAR', 'Scientific Committee on Antarctic Research', 'Научный Комитет по Исследованию Антарктики', NULL),
       (90, 'SHIR', 'State Hydrologic Institute`s Russia', 'Государственный Гидрологический Институт', NULL),
       (91, 'SOI', 'Spanish  Oceanographic Institute', 'Испанский Океанографический Институт', NULL),
       (92, 'TU', 'Tohoku University', 'Университет Тохоку', NULL),
       (93, 'UA', 'University of Alaska', 'Университет Аляска', NULL),
       (94, 'UC', 'University of Colorado', 'Университет Колорадо', NULL),
       (95, 'UCF', 'University of California', 'Университет Штат Калифорния', NULL),
       (96, 'UEACRU', 'University of East Anglia Climate Research Unit',
        'Университет Исследования Климата Восточной Англии', NULL),
       (98, 'UHSLC', 'University of Hawaii Sea Level Center', 'Университет Гаваии, Центр по Уровню Моря', NULL),
       (99, 'UKMO', 'United Kingdom Meteorological Office', 'Метеорологический Центр Великобритании', NULL),
       (100, 'UM', 'University of Miami,The Marine Laboratory', 'Морская лаборатория, Университет Майами', NULL),
       (101, 'UNESKO', 'Образование, Наука и Культура при ООН', 'Образование, Наука и Культура при ООН', NULL),
       (102, 'USRA', 'Universities Space Research Association', 'Университеты Ассоциации Космических Исследований',
        NULL),
       (103, 'US_DC', 'US Department of Commerce', 'Министерство Торговли', NULL),
       (104, 'US_EPA', 'US Environmental Protection Agency', 'Агенство по защите окружающей среды', NULL),
       (105, 'US_NODC', 'US National Oceanographic Data Centre', 'Национальный Океанографический Институт', NULL),
       (106, 'US_NSF', 'National Science Foundation', 'Национальное Научное Учреждение', NULL),
       (107, 'UW', 'University of Washington', 'Университет Вашингтон', NULL),
       (108, 'Uam', 'University of Amsterdam', 'Университет в Амстердаме', NULL),
       (109, 'VSEGEI', 'All-Russia Geological Research Institute',
        'Всероссийский исследовательский геологический институт', NULL),
       (110, 'WAOB', 'World Agricultural Outlook Board',
        'Всемирный Совет по Ориентировочным Прогнозам в Области Сельского Хозяйства', NULL),
       (111, 'WDC-CR', 'World Data Center for Cosmic Rays', 'Мировой Центр Данных о космических лучах', NULL),
       (112, 'WDC-MARE', 'World Data Center for Marine Environmental Sciences',
        'Мировой Центр Данных Морских Исследований', NULL),
       (113, 'WDC_A', 'World Data Center A, Oceanography', 'Мировой Центр Данных А  по Океанографии', NULL),
       (114, 'WDC_B', 'World Data Center B for Marine Geology & Geophysics',
        'Мировой Центр Данных Б по Морской Геологии и Геофизике', NULL),
       (115, 'WHOI', 'Woods Hole Oceanographic Institution', 'Институт океанографии, Вудсхол', NULL),
       (116, 'WMO', 'Всемирная Метеорологическая Организация', 'Всемирная Метеорологическая Организация', NULL),
       (117, 'WRB', 'Water Resources Branch', 'Отделение Водных Ресурсов Канады', NULL),
       (118, 'ААНИИ', 'Институт Арктики и Антарктики', 'Институт Арктики и Антарктики', NULL),
       (119, 'АНО МТБ', 'Автономная некоммерческая организация "Морские технологии и безопасность"',
        'Автономная некоммерческая организация "Морские технологии и безопасность"', NULL),
       (120, 'АО ИО РАН', 'Атлантическое отделение ФГБУН ИО им.П.П.Ширшова РАН',
        'Атлантическое отделение ФГБУН ИО им.П.П.Ширшова РАН', NULL),
       (121, 'ГГО', 'Главная геофизическая обсерватория им. А.И. Воейкова',
        'Главная геофизическая обсерватория им. А.И. Воейкова', NULL),
       (122, 'ГИ', 'Государственный Гидрологический Институт', 'Государственный Гидрологический Институт', NULL),
       (123, 'ГИН РАН', 'Геологический институт РАН', 'Геологический институт РАН', NULL),
       (124, 'ГМЦ России', 'Гидрометеорологический научно исследовательский Центр Российской Федерации',
        'Гидрометеорологический научно исследовательский Центр Российской Федерации', NULL),
       (125, 'ГНИНГИ', 'Государственный научно-исследовательский навигационно-гидрографический институт',
        'Государственный научно-исследовательский навигационно-гидрографический институт', NULL),
       (126, 'ГОИ', 'Государственный Океанографический Институт', 'Государственный Океанографический Институт', NULL),
       (127, 'ГПБУ "МЭМ"', 'Государственное природоохранное бюджетное учреждение "МОСЭКОМОНИТОРИНГ"',
        'Государственное природоохранное бюджетное учреждение "МОСЭКОМОНИТОРИНГ"', NULL),
       (128, 'ГУ "ЦАО"', 'Государственное Учреждение Центральная Аэрологическая Обсерватория',
        'Государственное Учреждение Центральная Аэрологическая Обсерватория', NULL),
       (129, 'ГХИ', 'Гидрохимический институт Росгидромета', 'Гидрохимический институт Росгидромета', NULL),
       (130, 'ГеоЭкоСерв', 'ООО "ГеоЭкоСервис"', 'ООО "ГеоЭкоСервис"', NULL),
       (131, 'ДАНИОпресс', 'ООО "Данио-пресс"', 'ООО "Данио-пресс"', NULL),
       (132, 'ДВ РВЦ', 'Дальневосточный Региональный Вычислительный Центр',
        'Дальневосточный Региональный Вычислительный Центр', NULL),
       (133, 'ДВНИГМИ', 'Дальневосточный Научно-Исследовательский Гидрометеорологический институт',
        'Дальневосточный Научно-Исследовательский Гидрометеорологический институт', NULL),
       (134, 'ДагЦГМС', 'Дагестанский ЦГМС', 'Дагестанский ЦГМС', NULL),
       (135, 'ЗАО"РОМОНА"', 'ЗАО "РОМОНА"', 'ЗАО "Рос.морская навигационно-геодезическая компания"РОМОНА"', NULL),
       (136, 'ИВПС КарНЦ', 'Институт водных проблем Севера Карельского научного центра РАН',
        'Институт водных проблем Севера Карельского научного центра РАН', NULL),
       (137, 'ИГКЭ', 'Государственное Учреждение "Институт глобального климата и экологии" РАН',
        'Государственное Учреждение "Институт глобального климата и экологии" РАН', NULL),
       (138, 'ИЗМИРАН', 'Институт земного магнетизма, ионосферы и распространения радиоволн (ИЗМИРАН)',
        'Институт земного магнетизма, ионосферы и распространения радиоволн (ИЗМИРАН)', NULL),
       (139, 'ИО РАН', 'Институт океанологии им П.П. Ширшова РАН', 'Атлантическое отделение ИО РАН', NULL),
       (140, 'ИП РАН', 'Институт физико-химических и биологических проблем почвоведения РАН',
        'Институт физико-химических и биологических проблем почвоведения РАН', NULL),
       (141, 'ИПГ', 'Институт прикладной геофизики им. академика Федорова Е.К.',
        'Институт прикладной геофизики им. академика Федорова Е.К.', NULL),
       (142, 'ИПМИ', 'Институт полярных и морских исследований им. А.Вегенера',
        'Институт полярных и морских исследований им. А.Вегенера', NULL),
       (143, 'ИСЗФ', 'Институт Солнечно-Земной физики', 'Институт Солнечно-Земной физикинет', NULL),
       (144, 'Инстройпро', 'ООО"Инстройпроект"', 'ООО"Инстройпроект"', NULL),
       (145, 'КамчУГМС', 'ФГБУ "Камчатское УГМС"', 'ФГБУ «Камчатское УГМС»', NULL),
       (146, 'МГИ', 'Морской гидрофизический институт РАН', 'Морской гидрофизический институт РАН', NULL),
       (147, 'МГУ', 'Московский Государственный Университет им. М.В.Ломоносова',
        'Московский Государственный Университет им. М.В.Ломоносова ', NULL),
       (148, 'МЦД_А', 'Мировой Центр Данных А  по Океанографии', 'Мировой Центр Данных А  по Океанографии', NULL),
       (149, 'МЦД_Б', 'Мировой Центр Данных Б по Морской Геологии и Геофизике',
        'Мировой Центр Данных Б по Морской Геологии и Геофизике', NULL),
       (150, 'ООО', 'ООО "Фолворт Консультант"', 'ООО "Фолворт Консультант"', NULL),
       (151, 'ООО"Стройп', 'ООО Инженерная фирма "Стройпроект"', 'ООО Инженерная фирма "Стройпроект" ', NULL),
       (152, 'ПГИ', 'Полярный геофизический институт', 'Полярный геофизический институт', NULL),
       (153, 'ПЛАНЕТА', 'Научно-Исследовательский Центр Космической Гидрометеорологии "ПЛАНЕТА" (НИЦ "Планета")',
        'Научно-Исследовательский Центр Космической Гидрометеорологии "ПЛАНЕТА" (НИЦ "Планета")', NULL),
       (154, 'ПМГРЭ', 'ФГУНПП "Полярная морская геологоразведочная экспедиция"',
        'ФГУНПП "Полярная морская геологоразведочная экспедиция"', NULL),
       (155, 'РАН', 'Российская академия наук', 'Российская Академия Наук', NULL),
       (156, 'РГГМУ', 'Российский Государственный Гидрометеорологический Университет',
        'Российский Государственный Гидрометеорологический Университет', NULL),
       (157, 'РНОИ', 'Российский Национальный Океанографический Институт',
        'Российский Национальный Океанографический Институт', NULL),
       (158, 'Росгидромет', 'Росгидромет', 'Федеральная Служба по Гидрометеорологии и Мониторингу Окружающей Среды',
        NULL),
       (159, 'СВАРОГ', 'ООО "Сварог"', 'ООО "Сварог"', NULL),
       (160, 'Сев-Кав', 'ФГБУ "Северо - Кавказское УГМС"', 'ФГБУ "Северо - Кавказское УГМС"', NULL),
       (161, 'СевУГМС', 'Северное УГМС', 'Северное УГМС', NULL),
       (162, 'ТОИ', 'Тихоокеанский океанологический институт', 'Тихоокеанский океанологический институт  ', NULL),
       (163, 'Тайфун', 'Научно-производственное объединение "Тайфун"', 'Научно-производственное объединение "Тайфун"',
        NULL),
       (164, 'ФГБУ "ВГИ"', 'ФГБУ "Высокогорный геофизический институт"', 'ФГБУ "Высокогорный геофизический институт"',
        NULL),
       (165, 'ФГБУ НО ЭР', 'ГБУ Нижегородской области "Экология региона"',
        'ГБУ Нижегородской области "Экология региона"', NULL),
       (166, 'ФГБУ ОИЗ', 'ФГБУ по обеспечению инженерных защит Чебоксарского водохранилища по Нижегородской области',
        'ФГБУ по обеспечению инженерных защит Чебоксарского водохранилища по Нижегородской об17ласти', NULL),
       (167, 'ФГБУ"НПРА"', 'ФГБУ"Национальный парк "Русская Арктика"', 'ФГБУ"Национальный парк "Русская Арктика"',
        NULL),
       (168, 'ФКУ"Дирекц', 'ФКУ"Дирекция госзаказчика"', 'ФКУ"Дирекция госзаказчика"', NULL),
       (169, 'ФУ БХУХО', 'ФБУ "ФУ БХУХО"', 'ФБУ "ФУ БХУХО"', NULL),
       (170, 'ЭКС', 'Экологическая Компаниия Сахалин', 'Экологическая Компаниия Сахалин', NULL),
       (171, 'Экоскай', 'ООО «Экоскай»', 'ООО "Экоскай"', NULL),
       (172, 'Элек.почта', 'лицензиаты', 'лицензиаты', NULL),
       (173, 'ЮНЦ РАН', 'Южный научный центр РАН', 'Южный научный центр РАН', NULL);

insert into observation_discipline (id, name)
values (1, 'Агрометеорология'),
       (2, 'Аэрология'),
       (3, 'Геофизика'),
       (4, 'Гидрология'),
       (5, 'Загрязнение окружающей среды'),
       (6, 'Метеорология'),
       (7, 'Морская гидрометеорология'),
       (8, 'Общие документы'),
       (9, 'Синоптика'),
       (10, 'Специальная гидрометеорология'),
       (11, 'ИСЗ'),
       (12, 'Документы по районам Арктики и Антарктики');

insert into observation_type (id, name, id_observation_discipline)
values (1, 'Агрометеорологические наблюдения', 1),
       (2, 'Аэрологические наблюдения', 2),
       (3, 'Самолетные наблюдения', 2),
       (4, 'Наблюдения за атмосферным электричеством', 3),
       (5, 'Геофизические наблюдения*', 3),
       (6, 'Наблюдения ионосферные, магнитные, за полярными сияниями, радиолокация метеорных следов', 3),
       (7, 'Ракетное зондирование атмосферы', 3),
       (8, 'Теплобалансовые наблюдения', 3),
       (9, 'Озонометрические наблюдения', 3),
       (10, 'Актинометрические наблюдения', 3),
       (11, 'Наблюдения за содержанием парниковых газов (углекислый газ, метан)', 3),
       (12, 'Наблюдения на болотах', 4),
       (13, 'Гидрологические наблюдения*', 4),
       (14, 'Наблюдения на озерах и водохранилищах', 4),
       (15, 'Наблюдения на реках', 4),
       (16, 'Комплексные наблюдения за состоянием окружающей среды по районам Арктики и Антарктики', 12),
       (17, 'Загрязнение донных отложений', 5),
       (18, 'Загрязнение морских вод', 5),
       (19, 'Загрязнение поверхностных вод суши', 5),
       (20, 'Загрязнение снежного покрова', 5),
       (21, 'Загрязнение почвы', 5),
       (22, 'Загрязнение атмосферного воздуха', 5),
       (23, 'Наблюдения по загрязнению*', 5),
       (24, 'Гидробиологические наблюдения', 5),
       (25, 'Загрязнение атмосферных осадков', 5),
       (26, 'Радиоактивное загрязнение', 5),
       (27, 'Спутниковые наблюдения', 11),
       (28, 'Приземные метеорологические наблюдения', 6),
       (29, 'Метеорологические радиолокационные наблюдения', 6),
       (30, 'Высотные метеорологические наблюдения', 6),
       (31, 'Метеорологические наблюдения*', 6),
       (32, 'Морские гидрометеорологические наблюдения*', 7),
       (33, 'Прибрежные наблюдения', 7),
       (34, 'Морские аэрологические наблюдения', 7),
       (35, 'Морские актинометрические наблюдения', 7),
       (36, 'Наблюдения на морских устьях рек', 7),
       (37, 'Морские метеорологические наблюдения', 7),
       (38, 'Для всех видов наблюдений', 8),
       (39, 'ПП  N 458 от 22.04.2017', 8),
       (40, 'Синоптические наблюдения', 9),
       (41, 'Снеголавинные наблюдения', 10),
       (42, 'Селестоковые наблюдения', 10),
       (43, 'Специальные гидрометеорологические наблюдения*', 10),
       (44, 'Гляциологические наблюдения', 10);

insert into observation_parameter (id, name, id_observation_type)
values (1, 'Параметр111', 1),
       (2, 'Параметр112', 1),
       (3, 'Параметр121', 2),
       (4, 'Параметр122', 2),
       (5, 'Параметр211', 3),
       (6, 'Параметр212', 3),
       (7, 'Параметр221', 4),
       (8, 'Параметр222', 5);

insert into observation_scope (id, name)
values (1, 'Атмосфера'),
       (2, 'Атмосфера над Океаном'),
       (3, 'Атмосфера над Сушей'),
       (4, 'Гидросфера'),
       (5, 'Воды Океанов и морей'),
       (6, 'Воды суши'),
       (7, 'Литосфера'),
       (8, 'Литосфера Океана (морское дно)'),
       (9, 'Литосфера Суши'),
       (10, 'Ионосфера'),
       (11, 'Космосфера'),
       (12, 'Не определяется');

insert into observation_territory (id, name)
values (1, 'Авачинская губа (бухта Тихого океана)'),
       (2, 'Австралия'),
       (3, 'Австралия (континентальная часть)'),
       (4, 'Австралия и Океания'),
       (5, 'Австрия'),
       (6, 'Агульха течение (Agulhas region)'),
       (7, 'Аденский залив'),
       (8, 'Адриатическое море'),
       (9, 'Азербайджан'),
       (10, 'Азия'),
       (11, 'Азия (континентальная часть)'),
       (12, 'Азовское море'),
       (13, 'Акабский залив'),
       (14, 'Албания'),
       (15, 'Алжир'),
       (16, 'Альборанское море'),
       (17, 'Аляска залив'),
       (18, 'Аляска полуостров'),
       (19, 'Амундсена море'),
       (20, 'Анадырский залив'),
       (21, 'Ангола'),
       (22, 'Андаманское море'),
       (23, 'Анива залив'),
       (24, 'Антарктида'),
       (25, 'Антарктида (континентальная часть)'),
       (26, 'Антигуа И Барбуда'),
       (27, 'Аомынь (Макао)'),
       (28, 'Арабская Республика Египет'),
       (29, 'Аравийское море'),
       (30, 'Аральское море'),
       (31, 'Арафурское море'),
       (32, 'Аргентина'),
       (33, 'Армения'),
       (34, 'Атлантический океан'),
       (35, 'Атлантический океан (Восточная часть)'),
       (36, 'Атлантический океан (Западная часть)'),
       (37, 'Атлантический океан (Северная часть)'),
       (38, 'Атлантический океан (Северо-Восточная часть)'),
       (39, 'Атлантический океан (Северо-Западная часть)'),
       (40, 'Атлантический океан (Тропическая зона)'),
       (41, 'Атлантический океан (Юго-Восточная часть)'),
       (42, 'Атлантический океан (Юго-Западная часть)'),
       (43, 'Атлантический океан (Южная часть)'),
       (44, 'Афганистан'),
       (45, 'Африка'),
       (46, 'Африка  (Западная часть)'),
       (47, 'Африка (Восточная часть)'),
       (48, 'Африка (континентальная часть)'),
       (49, 'Африка (Северная часть)'),
       (50, 'Африка (Южная часть)'),
       (51, 'Багамские Острова'),
       (52, 'Балеарское (Иберийское) море'),
       (53, 'Бали море'),
       (54, 'Балтийское море'),
       (55, 'Бангладеш'),
       (56, 'Банда море'),
       (57, 'Барбадос'),
       (58, 'Баренцево море'),
       (59, 'Бассейн р.Волга'),
       (60, 'Бассейн р.Ока'),
       (61, 'Баффина море (залив)'),
       (62, 'Бахрейн'),
       (63, 'Беларусь'),
       (64, 'Белиз'),
       (65, 'Беллинсгаузена море'),
       (66, 'Белое море'),
       (67, 'Бельгия'),
       (68, 'Бенгальский залив'),
       (69, 'Бенин (Дагомея)'),
       (70, 'Бердянский залив'),
       (71, 'Берег Слоновой Кости (Кабо-Верде)'),
       (72, 'Берингово море'),
       (73, 'Бирма'),
       (74, 'Бискайский залив'),
       (75, 'Бисмарка (Ново-Гвинейское) море'),
       (76, 'Бисмарка море (Ново-Гвинейское)'),
       (77, 'Болгария'),
       (78, 'Боливия'),
       (79, 'Большой Австралийский залив'),
       (80, 'Бони залив'),
       (81, 'Ботнический залив'),
       (82, 'Ботсвана'),
       (83, 'Бофорта море'),
       (84, 'Бразилия'),
       (85, 'Бристольский залив'),
       (86, 'Бруней'),
       (87, 'Буркина-Фасо'),
       (88, 'Бурунди'),
       (89, 'Вануату, Республика'),
       (90, 'Великобритания'),
       (91, 'Венгрия'),
       (92, 'Венесуэла'),
       (93, 'Восточно-Китайское море'),
       (94, 'Восточно-Сибирское море'),
       (95, 'Выборгский залив'),
       (96, 'Вьетнам'),
       (97, 'Габон'),
       (98, 'Гаити'),
       (99, 'Гайна'),
       (100, 'Гамбия'),
       (101, 'Гана'),
       (102, 'Гватемала'),
       (103, 'Гвиана, Французская'),
       (104, 'Гвинейский залив'),
       (105, 'Гвинея'),
       (106, 'Гвинея, Экваториальн.'),
       (107, 'Гвинея-Бисау'),
       (108, 'Германия'),
       (109, 'Гибралтар'),
       (110, 'Гондурас'),
       (111, 'Гонконг (Сянган)'),
       (112, 'Гренада'),
       (113, 'Гренландия (принадлежит Дании)'),
       (114, 'Гренландское море'),
       (115, 'Греция'),
       (116, 'Грузия'),
       (117, 'Гудзонов залив'),
       (118, 'Дания'),
       (119, 'Двинская губа (залив)'),
       (120, 'Дейвиса море'),
       (121, 'Джибути'),
       (122, 'Доминика'),
       (123, 'Доминиканская Республика'),
       (124, 'Европа'),
       (125, 'Европа (континентальная часть)'),
       (126, 'Желтое море'),
       (127, 'Заир'),
       (128, 'Замбия'),
       (129, 'Западная Сахара'),
       (130, 'Зимбабве'),
       (131, 'Зона Муссонов'),
       (132, 'Зона Умеренных широт'),
       (133, 'Израиль'),
       (134, 'Индийский океан'),
       (135, 'Индийский океан (Восточная часть)'),
       (136, 'Индийский океан (Западная часть)'),
       (137, 'Индийский океан (Северная часть)'),
       (138, 'Индийский океан (Северо-Восточная часть)'),
       (139, 'Индийский океан (Северо-Западная часть)'),
       (140, 'Индийский океан (Тропическая зона)'),
       (141, 'Индийский океан (Юго-Восточная часть)'),
       (142, 'Индийский океан (Юго-Западная часть)'),
       (143, 'Индийский океан (Южная часть)'),
       (144, 'Индия'),
       (145, 'Индонезия'),
       (146, 'Ионическое море'),
       (147, 'Иордания'),
       (148, 'Ирак'),
       (149, 'Иран'),
       (150, 'Ирландия'),
       (151, 'Ирландское море и пролив Святого Георга'),
       (152, 'Ирмингера море'),
       (153, 'Исландия'),
       (154, 'Испания'),
       (155, ',Италия'),
       (156, 'Йемен, Народная Демократическая Республика'),
       (157, 'Йеменская Арабская Республика'),
       (158, 'Казахстан'),
       (159, 'Калифорнийский залив'),
       (160, 'Камерун'),
       (161, 'Кампучия'),
       (162, 'Канада'),
       (163, 'Кандалакшский залив'),
       (164, 'Карагинский залив'),
       (165, 'Карибское море'),
       (166, 'Карпентария залив'),
       (167, 'Карское море'),
       (168, 'Каспийское море'),
       (169, 'Катар'),
       (170, 'Кения'),
       (171, 'Кипр'),
       (172, 'Киргизия'),
       (173, 'Кирибати'),
       (174, 'Китай'),
       (175, 'Колумбия'),
       (176, 'Кольский залив'),
       (177, 'Коморские Острова'),
       (178, 'Конго'),
       (179, 'Коралловое море'),
       (180, 'Корейская Народно-Демократическая Республика'),
       (181, 'Корея, Южная'),
       (182, 'Корфа залив'),
       (183, 'Космонавтов море'),
       (184, 'Коста-Рика'),
       (185, 'Красное море'),
       (186, 'Куба'),
       (187, 'Кувейт'),
       (188, 'Куршский залив'),
       (189, 'Лабрадор море'),
       (190, 'Лаккадивское море'),
       (191, 'Лаос'),
       (192, 'Лаптевых море'),
       (193, 'Латвия'),
       (194, 'Лесото'),
       (195, 'Либерия'),
       (196, 'Ливан'),
       (197, 'Ливия'),
       (198, 'Лигурийское море'),
       (199, 'Линкольна залив (море)'),
       (200, 'Литва'),
       (201, 'Литосфера (Суша)'),
       (202, 'Лихтенштейн'),
       (203, 'Люксембург'),
       (204, 'Маврикий'),
       (205, 'Мавритания'),
       (206, 'Мадагаскар'),
       (207, 'Малави'),
       (208, 'Малайзия'),
       (209, 'Мали'),
       (210, 'Мальдивская Республика'),
       (211, 'Мальта'),
       (212, 'Марокко'),
       (213, 'Мезенская губа (залив)'),
       (214, 'Мексика'),
       (215, 'Мексиканский залив'),
       (216, 'Мировой Океан'),
       (217, 'Мировой океан (Северная часть)'),
       (218, 'Мировой океан (Тропическая зона)'),
       (219, 'Мировой океан (Южная часть)'),
       (220, 'Мозамбик'),
       (221, 'Молдова'),
       (222, 'Молуккское море'),
       (223, 'Монголия'),
       (224, 'Мотовский залив'),
       (225, 'Мраморное море'),
       (226, 'Мэн залив'),
       (227, 'Намибия'),
       (228, 'Науру'),
       (229, 'Немецкий залив'),
       (230, 'Непал'),
       (231, 'Нигер'),
       (232, 'Нигерия'),
       (233, 'Нидерланды'),
       (234, 'Никарагуа'),
       (235, 'Новая Зеландия'),
       (236, 'Норвегия'),
       (237, 'Норвежское море'),
       (238, 'Нортон-Саунд залив (Нортон)'),
       (239, 'Объединенные Арабские Эмираты'),
       (240, 'Олюторский залив'),
       (241, 'Оман'),
       (242, 'Оманский залив'),
       (243, 'Онежская губа (залив)'),
       (244, 'Опричник залив'),
       (245, 'Острова Зеленого Мыса (Кот-Дивуар)'),
       (246, 'Охотское море'),
       (247, 'Пакистан'),
       (248, 'Панама'),
       (249, 'Панамский залив'),
       (250, 'Папуа-Новая Гвинея'),
       (251, 'Парагвай'),
       (252, 'Персидский залив'),
       (253, 'Перу'),
       (254, 'Петра Великого залив'),
       (255, 'Польша'),
       (256, 'Полярная зона'),
       (257, 'Португалия'),
       (258, 'Рижский залив'),
       (259, 'Рио-де-ла-Плато залив'),
       (260, 'Росса море'),
       (261, 'Россия'),
       (262, 'Руанда'),
       (263, 'Румыния'),
       (264, 'Саву море'),
       (265, 'Сальвадор'),
       (266, 'Самоа'),
       (267, 'Сан-Томе И Принсипи'),
       (268, 'Саргассово море'),
       (269, 'Саудовская Аравия'),
       (270, 'Свазиленд'),
       (271, 'Святого Лаврентия залив'),
       (272, 'Северная Америка'),
       (273, 'Северная Америка (континентальная часть)'),
       (274, 'Северное море'),
       (275, 'Северный Ледовитый океан'),
       (276, 'Северный Ледовитый океан (Восточная часть)'),
       (277, 'Северный Ледовитый океан (Западная часть)'),
       (278, 'Северный Ледовитый океан (Северо-Восточная часть)'),
       (279, 'Северный Ледовитый океан (Северо-Западная часть)'),
       (280, 'Северный Ледовитый океан (Юго-Восточная часть)'),
       (281, 'Северный Ледовитый океан (Юго-Западная часть)'),
       (282, 'Северный Ледовитый океан (Южная часть)'),
       (283, 'Сейшельские Острова'),
       (284, 'Сенегал'),
       (285, 'Сент-Винсент'),
       (286, 'Сент-Кристофер и Невис'),
       (287, 'Сент-Люсия'),
       (288, 'Серам море (Церам)'),
       (289, 'Сиамский (Таиландский) залив'),
       (290, 'Сингапур'),
       (291, 'Сирия'),
       (292, 'Скотия море (Скоша)'),
       (293, 'Словакия'),
       (294, 'Содружества море'),
       (295, 'Соединенные Штаты Америки'),
       (296, 'Соломоново море'),
       (297, 'Соломоновы Острова'),
       (298, 'Сомали'),
       (299, 'Средиземное море'),
       (300, 'Субполярная зона'),
       (301, 'Субтропическая зона'),
       (302, 'Судан'),
       (303, 'Сулу море'),
       (304, 'Суринам'),
       (305, 'Суэцкий залив'),
       (306, 'Сьерра-Леоне'),
       (307, 'Таганрогский залив'),
       (308, 'Таджикистан'),
       (309, 'Тайланд'),
       (310, 'Таллинский залив'),
       (311, 'Танзания'),
       (312, 'Таранто залив'),
       (313, 'Тасманово море'),
       (314, 'Темрюкский залив'),
       (315, 'Терпения залив'),
       (316, 'Территория Земного Шара'),
       (317, 'Тиморское море'),
       (318, 'Тирренское море'),
       (319, 'Тихий океан'),
       (321, 'Тихий океан (Восточная часть)'),
       (322, 'Тихий океан (Западная часть)'),
       (323, 'Тихий океан (Северная часть)'),
       (324, 'Тихий океан (Северо-Восточная часть)'),
       (325, 'Тихий океан (Северо-Западная часть)'),
       (326, 'Тихий океан (Тропическая зона)'),
       (327, 'Тихий океан (Юго-Восточная часть)'),
       (328, 'Тихий океан (Юго-Западная часть)'),
       (329, 'Тихий океан (Южная часть)'),
       (330, 'Того'),
       (331, 'Томини залив (Горонтало)'),
       (332, 'Тонга'),
       (333, 'Тринидад И Тобаго'),
       (334, 'Тропическая зона'),
       (335, 'Тувалу'),
       (336, 'Тунис'),
       (337, 'Туркменистан'),
       (338, 'Турция'),
       (339, 'Уганда'),
       (340, 'Узбекистан'),
       (341, 'Украина'),
       (342, 'Уругвай'),
       (343, 'Уссурийский залив'),
       (344, 'Уэделла море'),
       (345, 'Фиджи'),
       (346, 'Фиджи море'),
       (347, 'Филипины'),
       (348, 'Филиппинское море'),
       (349, 'Финляндия'),
       (350, 'Финский залив'),
       (351, 'Флорес море'),
       (352, 'Франция'),
       (353, 'Французская Полинезия'),
       (354, 'Хальмахера море'),
       (355, 'Целебесское море'),
       (356, 'Центральноафриканская Республика'),
       (357, 'Чад'),
       (358, 'Черное море'),
       (359, 'Чехия'),
       (360, 'Чили'),
       (361, 'Чукотское море'),
       (362, 'Швейцария'),
       (363, 'Швеция'),
       (364, 'Шри-Ланка'),
       (365, 'Эгейское море'),
       (366, 'Эквадор'),
       (367, 'Экваториальная зона'),
       (368, 'Эстония'),
       (369, 'Эфиопия'),
       (370, 'Югославия'),
       (371, 'Южная Америка'),
       (372, 'Южная Америка (континентальная часть)'),
       (373, 'Южно-Африканская Республика'),
       (374, 'Южно-Китайское море'),
       (375, 'Яванское море'),
       (376, 'Ямайка'),
       (377, 'Япония'),
       (378, 'Японское море'),
       (379, 'Японское море внутреннее'),
       (380, 'Северное полушарие'),
       (381, 'Южное полушарие'),
       (382, 'Западное полушарие'),
       (383, 'Восточное полушарие'),
       (384, 'Альпы'),
       (385, 'Арктика (как регион в Северном полушарии)'),
       (386, 'Бассейн р.Рейн'),
       (387, 'Бассейн р.Дунай'),
       (388, 'Москва'),
       (389, 'Нижегородская область');

select setval('resource_type_seq', (select max(id) FROM resource_type));
select setval('language_seq', (select max(id) FROM language));
select setval('project_type_seq', (select max(id) FROM project_type));
select setval('related_project_seq', (select max(id) FROM related_project));
select setval('observation_method_seq', (select max(id) FROM observation_method));
select setval('country_seq', (select max(id) FROM country));
select setval('organization_seq', (select max(id) FROM organization));
select setval('observation_discipline_seq', (select max(id) FROM observation_discipline));
select setval('observation_type_seq', (select max(id) FROM observation_type));
select setval('observation_parameter_seq', (select max(id) FROM observation_parameter));
select setval('observation_scope_seq', (select max(id) FROM observation_scope));
select setval('observation_territory_seq', (select max(id) FROM observation_territory));